country,year,hivRate
Angola,1979,0.026527865
Argentina,1979,0.02050798
Bahamas,1979,0.01
Barbados,1979,0.02767648
Botswana,1979,0.105976053
Brazil,1979,0.09447913
Burkina Faso,1979,0.01
Burundi,1979,0.015913875
Canada,1979,0.012998487
Central African Republic,1979,0.113034777
Chad,1979,0.039876698
"Congo, Rep.",1979,0.01
Cote d'Ivoire,1979,0.123178372
Dominican Republic,1979,0.056691281
Ecuador,1979,0.013690696
Equatorial Guinea,1979,0.082364934
Gabon,1979,0.042124436
Greece,1979,0.018909064
Guinea,1979,0.015019429
Guyana,1979,0.030135016
Haiti,1979,0.155026457
Honduras,1979,0.01
Iceland,1979,0.012373161
Israel,1979,0.012167647
Italy,1979,0.01
Jamaica,1979,0.014488867
Kenya,1979,0.07
Lebanon,1979,0.012167647
Liberia,1979,0.01185026
Luxembourg,1979,0.013690696
Mexico,1979,0.03122474
Mozambique,1979,0.075681075
Namibia,1979,0.016749108
Nigeria,1979,0.037979687
Panama,1979,0.046410768
Peru,1979,0.010679312
Portugal,1979,0.02050798
Rwanda,1979,0.01
Spain,1979,0.01
Sudan,1979,0.062390639
Tanzania,1979,0.01
Togo,1979,0.009898522
Uganda,1979,0.01
United States,1979,0.031764078
Uruguay,1979,0.009697302
Zambia,1979,0.01
Zimbabwe,1979,0.01
Cameroon,1980,0.012524627
Malawi,1980,0.015321148
Suriname,1980,0.011931256
Austria,1981,0.010187591
France,1981,0.015708255
Guinea-Bissau,1981,0.009823591
Senegal,1981,0.00952155
South Africa,1981,0.014208589
Belgium,1982,0.014146531
Denmark,1982,0.011698226
Germany,1982,0.022875823
Ireland,1982,0.015104416
Mali,1982,0.012575162
Netherlands,1982,0.010807512
Swaziland,1982,0.01097002
Trinidad and Tobago,1982,0.010653031
Australia,1983,0.012682938
Djibouti,1983,0.012392677
Finland,1983,0.010557622
Niger,1983,0.011430135
Norway,1983,0.014449506
Paraguay,1983,0.00974306
Sweden,1983,0.019136463
United Kingdom,1983,0.019257422
Benin,1984,0.011875633
Colombia,1984,0.012153094
Lesotho,1984,0.011079346
Cambodia,1985,0.01
Chile,1985,0.009688619
El Salvador,1985,0.012269586
Eritrea,1985,0.010873503
Myanmar,1985,0.01
Nepal,1985,0.01
Serbia,1985,0.01
Sierra Leone,1985,0.011022285
Switzerland,1985,0.054022769
Thailand,1985,0.01
New Zealand,1986,0.01137169
Nicaragua,1986,0.00951034
Malaysia,1987,0.010175238
Papua New Guinea,1987,0.010175238
Somalia,1987,0.010400419
Algeria,1990,0.06
Angola,1990,0.5
Argentina,1990,0.3
Armenia,1990,0.06
Australia,1990,0.1
Austria,1990,0.06
Azerbaijan,1990,0.06
Bahamas,1990,3.6
Bangladesh,1990,0.06
Barbados,1990,0.06
Belarus,1990,0.06
Belgium,1990,0.06
Belize,1990,0.5
Benin,1990,0.2
Bhutan,1990,0.06
Bolivia,1990,0.1
Botswana,1990,3.5
Brazil,1990,0.45
Bulgaria,1990,0.06
Burkina Faso,1990,3.9
Burundi,1990,3.9
Cambodia,1990,0.5
Cameroon,1990,0.6
Canada,1990,0.1
Central African Republic,1990,3.1
Chad,1990,1.1
Chile,1990,0.06
Colombia,1990,0.2
Comoros,1990,0.06
"Congo, Rep.",1990,5.2
Costa Rica,1990,0.06
Cote d'Ivoire,1990,2.4
Croatia,1990,0.06
Cuba,1990,0.06
Czech Republic,1990,0.06
Denmark,1990,0.06
Djibouti,1990,0.9
Dominican Republic,1990,0.4
Ecuador,1990,0.3
Egypt,1990,0.06
El Salvador,1990,0.1
Equatorial Guinea,1990,0.1
Eritrea,1990,0.3
Estonia,1990,0.06
Fiji,1990,0.06
Finland,1990,0.06
France,1990,0.3
Gabon,1990,0.9
Gambia,1990,0.1
Georgia,1990,0.06
Germany,1990,0.1
Ghana,1990,0.3
Greece,1990,0.1
Guatemala,1990,0.1
Guinea,1990,1.1
Guinea-Bissau,1990,0.3
Guyana,1990,2.8
Haiti,1990,1.3
Honduras,1990,1.1
Hungary,1990,0.1
Iceland,1990,0.06
India,1990,0.1
Indonesia,1990,0.06
Iran,1990,0.06
Ireland,1990,0.06
Israel,1990,0.06
Italy,1990,0.3
Jamaica,1990,2.1
Japan,1990,0.06
Kazakhstan,1990,0.06
Kenya,1990,3.9
South Korea,1990,0.06
Kyrgyz Republic,1990,0.06
Lao,1990,0.06
Latvia,1990,0.06
Lebanon,1990,0.06
Lesotho,1990,0.8
Liberia,1990,0.3
Lithuania,1990,0.06
Luxembourg,1990,0.1
Madagascar,1990,0.2
Malawi,1990,7.2
Malaysia,1990,0.1
Maldives,1990,0.06
Mali,1990,0.4
Malta,1990,0.06
Mauritania,1990,0.2
Mauritius,1990,0.06
Mexico,1990,0.4
Moldova,1990,0.06
Mongolia,1990,0.06
Morocco,1990,0.06
Mozambique,1990,1.2
Myanmar,1990,0.2
Namibia,1990,1.6
Nepal,1990,0.2
Netherlands,1990,0.1
New Zealand,1990,0.1
Nicaragua,1990,0.06
Niger,1990,0.1
Nigeria,1990,1.3
Norway,1990,0.06
Oman,1990,0.06
Pakistan,1990,0.06
Panama,1990,0.2
Papua New Guinea,1990,0.06
Paraguay,1990,0.06
Peru,1990,0.4
Philippines,1990,0.06
Poland,1990,0.06
Portugal,1990,0.1
Qatar,1990,0.06
Romania,1990,0.06
Russia,1990,0.06
Rwanda,1990,5.2
Senegal,1990,0.2
Serbia,1990,0.1
Sierra Leone,1990,0.06
Singapore,1990,0.06
Slovak Republic,1990,0.06
Slovenia,1990,0.06
Somalia,1990,0.1
South Africa,1990,0.7
Spain,1990,0.4
Sri Lanka,1990,0.06
Sudan,1990,0.1
Suriname,1990,0.1
Swaziland,1990,2.3
Sweden,1990,0.1
Switzerland,1990,0.2
Tajikistan,1990,0.06
Tanzania,1990,4.8
Thailand,1990,1
Togo,1990,0.6
Trinidad and Tobago,1990,0.2
Tunisia,1990,0.06
Turkey,1990,0.06
Uganda,1990,10.2
Ukraine,1990,0.1
United Kingdom,1990,0.1
United States,1990,0.5
Uruguay,1990,0.1
Uzbekistan,1990,0.06
Vietnam,1990,0.06
Zambia,1990,12.7
Zimbabwe,1990,10.1
Algeria,1991,0.06
Angola,1991,0.8
Argentina,1991,0.3
Armenia,1991,0.06
Australia,1991,0.1
Austria,1991,0.06
Azerbaijan,1991,0.06
Bahamas,1991,3.8
Bangladesh,1991,0.06
Barbados,1991,0.06
Belarus,1991,0.06
Belgium,1991,0.1
Belize,1991,0.7
Benin,1991,0.4
Bhutan,1991,0.06
Bolivia,1991,0.1
Botswana,1991,5.1
Brazil,1991,0.45
Bulgaria,1991,0.06
Burkina Faso,1991,4
Burundi,1991,4.5
Cambodia,1991,0.8
Cameroon,1991,1
Canada,1991,0.2
Central African Republic,1991,4.6
Chad,1991,1.3
Chile,1991,0.06
Colombia,1991,0.3
Comoros,1991,0.06
"Congo, Rep.",1991,5.2
Costa Rica,1991,0.06
Cote d'Ivoire,1991,3.3
Croatia,1991,0.06
Cuba,1991,0.06
Czech Republic,1991,0.06
Denmark,1991,0.06
Djibouti,1991,1.1
Dominican Republic,1991,0.5
Ecuador,1991,0.4
Egypt,1991,0.06
El Salvador,1991,0.2
Equatorial Guinea,1991,0.2
Eritrea,1991,0.4
Estonia,1991,0.06
Fiji,1991,0.06
Finland,1991,0.06
France,1991,0.3
Gabon,1991,1.2
Gambia,1991,0.1
Georgia,1991,0.06
Germany,1991,0.1
Ghana,1991,0.4
Greece,1991,0.1
Guatemala,1991,0.1
Guinea,1991,1.3
Guinea-Bissau,1991,0.3
Guyana,1991,2.7
Haiti,1991,1.6
Honduras,1991,1.2
Hungary,1991,0.1
Iceland,1991,0.06
India,1991,0.1
Indonesia,1991,0.06
Iran,1991,0.06
Ireland,1991,0.06
Israel,1991,0.1
Italy,1991,0.3
Jamaica,1991,2.2
Japan,1991,0.06
Kazakhstan,1991,0.06
Kenya,1991,5.4
South Korea,1991,0.06
Kyrgyz Republic,1991,0.06
Lao,1991,0.06
Latvia,1991,0.06
Lebanon,1991,0.06
Lesotho,1991,1.7
Liberia,1991,0.5
Lithuania,1991,0.06
Luxembourg,1991,0.1
Madagascar,1991,0.2
Malawi,1991,8.8
Malaysia,1991,0.1
Maldives,1991,0.06
Mali,1991,0.6
Malta,1991,0.06
Mauritania,1991,0.2
Mauritius,1991,0.1
Mexico,1991,0.4
Moldova,1991,0.1
Mongolia,1991,0.06
Morocco,1991,0.06
Mozambique,1991,1.6
Myanmar,1991,0.3
Namibia,1991,2.2
Nepal,1991,0.3
Netherlands,1991,0.1
New Zealand,1991,0.1
Nicaragua,1991,0.06
Niger,1991,0.1
Nigeria,1991,2.2
Norway,1991,0.06
Oman,1991,0.06
Pakistan,1991,0.06
Panama,1991,0.3
Papua New Guinea,1991,0.06
Paraguay,1991,0.1
Peru,1991,0.4
Philippines,1991,0.06
Poland,1991,0.06
Portugal,1991,0.1
Qatar,1991,0.06
Romania,1991,0.06
Russia,1991,0.06
Rwanda,1991,5.2
Senegal,1991,0.2
Serbia,1991,0.1
Sierra Leone,1991,0.06
Singapore,1991,0.06
Slovak Republic,1991,0.06
Slovenia,1991,0.06
Somalia,1991,0.1
South Africa,1991,1.2
Spain,1991,0.4
Sri Lanka,1991,0.06
Sudan,1991,0.1
Suriname,1991,0.2
Swaziland,1991,3.2
Sweden,1991,0.1
Switzerland,1991,0.2
Tajikistan,1991,0.06
Tanzania,1991,5.7
Thailand,1991,1.5
Togo,1991,0.8
Trinidad and Tobago,1991,0.3
Tunisia,1991,0.06
Turkey,1991,0.06
Uganda,1991,10.7
Ukraine,1991,0.2
United Kingdom,1991,0.1
United States,1991,0.5
Uruguay,1991,0.1
Uzbekistan,1991,0.06
Vietnam,1991,0.06
Zambia,1991,13.6
Zimbabwe,1991,13.6
Algeria,1992,0.06
Angola,1992,1
Argentina,1992,0.3
Armenia,1992,0.06
Australia,1992,0.1
Austria,1992,0.06
Azerbaijan,1992,0.06
Bahamas,1992,3.9
Bangladesh,1992,0.06
Barbados,1992,0.1
Belarus,1992,0.06
Belgium,1992,0.1
Belize,1992,1
Benin,1992,0.5
Bhutan,1992,0.06
Bolivia,1992,0.2
Botswana,1992,7.3
Brazil,1992,0.45
Bulgaria,1992,0.06
Burkina Faso,1992,3.9
Burundi,1992,5.1
Cambodia,1992,1
Cameroon,1992,1.6
Canada,1992,0.2
Central African Republic,1992,6.3
Chad,1992,1.5
Chile,1992,0.1
Colombia,1992,0.4
Comoros,1992,0.06
"Congo, Rep.",1992,5
Costa Rica,1992,0.06
Cote d'Ivoire,1992,4.4
Croatia,1992,0.06
Cuba,1992,0.06
Czech Republic,1992,0.06
Denmark,1992,0.06
Djibouti,1992,1.4
Dominican Republic,1992,0.6
Ecuador,1992,0.4
Egypt,1992,0.06
El Salvador,1992,0.2
Equatorial Guinea,1992,0.2
Eritrea,1992,0.6
Estonia,1992,0.06
Fiji,1992,0.06
Finland,1992,0.06
France,1992,0.3
Gabon,1992,1.6
Gambia,1992,0.1
Georgia,1992,0.06
Germany,1992,0.1
Ghana,1992,0.7
Greece,1992,0.1
Guatemala,1992,0.1
Guinea,1992,1.5
Guinea-Bissau,1992,0.4
Guyana,1992,2.6
Haiti,1992,2.3
Honduras,1992,1.4
Hungary,1992,0.1
Iceland,1992,0.1
India,1992,0.1
Indonesia,1992,0.06
Iran,1992,0.06
Ireland,1992,0.1
Israel,1992,0.1
Italy,1992,0.3
Jamaica,1992,2.2
Japan,1992,0.06
Kazakhstan,1992,0.06
Kenya,1992,7
South Korea,1992,0.06
Kyrgyz Republic,1992,0.06
Lao,1992,0.06
Latvia,1992,0.06
Lebanon,1992,0.06
Lesotho,1992,3.3
Liberia,1992,1
Lithuania,1992,0.06
Luxembourg,1992,0.1
Madagascar,1992,0.2
Malawi,1992,10.5
Malaysia,1992,0.1
Maldives,1992,0.06
Mali,1992,1
Malta,1992,0.06
Mauritania,1992,0.2
Mauritius,1992,0.1
Mexico,1992,0.4
Moldova,1992,0.1
Mongolia,1992,0.06
Morocco,1992,0.06
Mozambique,1992,2.1
Myanmar,1992,0.4
Namibia,1992,3
Nepal,1992,0.3
Netherlands,1992,0.1
New Zealand,1992,0.1
Nicaragua,1992,0.06
Niger,1992,0.2
Nigeria,1992,3.1
Norway,1992,0.1
Oman,1992,0.06
Pakistan,1992,0.06
Panama,1992,0.3
Papua New Guinea,1992,0.06
Paraguay,1992,0.2
Peru,1992,0.5
Philippines,1992,0.06
Poland,1992,0.06
Portugal,1992,0.2
Qatar,1992,0.06
Romania,1992,0.06
Russia,1992,0.06
Rwanda,1992,5.1
Senegal,1992,0.2
Serbia,1992,0.1
Sierra Leone,1992,0.1
Singapore,1992,0.1
Slovak Republic,1992,0.06
Slovenia,1992,0.06
Somalia,1992,0.1
South Africa,1992,1.8
Spain,1992,0.4
Sri Lanka,1992,0.06
Sudan,1992,0.1
Suriname,1992,0.2
Swaziland,1992,4.4
Sweden,1992,0.1
Switzerland,1992,0.3
Tajikistan,1992,0.06
Tanzania,1992,6.5
Thailand,1992,1.8
Togo,1992,1.2
Trinidad and Tobago,1992,0.4
Tunisia,1992,0.06
Turkey,1992,0.06
Uganda,1992,10.5
Ukraine,1992,0.2
United Kingdom,1992,0.1
United States,1992,0.5
Uruguay,1992,0.1
Uzbekistan,1992,0.06
Vietnam,1992,0.06
Zambia,1992,14.2
Zimbabwe,1992,17.2
Algeria,1993,0.06
Angola,1993,1.2
Argentina,1993,0.3
Armenia,1993,0.06
Australia,1993,0.1
Austria,1993,0.06
Azerbaijan,1993,0.06
Bahamas,1993,3.9
Bangladesh,1993,0.06
Barbados,1993,0.1
Belarus,1993,0.06
Belgium,1993,0.1
Belize,1993,1.2
Benin,1993,0.7
Bhutan,1993,0.06
Bolivia,1993,0.2
Botswana,1993,10.1
Brazil,1993,0.4
Bulgaria,1993,0.06
Burkina Faso,1993,3.8
Burundi,1993,5.5
Cambodia,1993,1.2
Cameroon,1993,2.5
Canada,1993,0.2
Central African Republic,1993,7.9
Chad,1993,1.7
Chile,1993,0.1
Colombia,1993,0.5
Comoros,1993,0.06
"Congo, Rep.",1993,4.8
Costa Rica,1993,0.06
Cote d'Ivoire,1993,5.5
Croatia,1993,0.06
Cuba,1993,0.06
Czech Republic,1993,0.06
Denmark,1993,0.1
Djibouti,1993,1.7
Dominican Republic,1993,0.7
Ecuador,1993,0.5
Egypt,1993,0.06
El Salvador,1993,0.2
Equatorial Guinea,1993,0.3
Eritrea,1993,0.8
Estonia,1993,0.06
Fiji,1993,0.06
Finland,1993,0.06
France,1993,0.3
Gabon,1993,2
Gambia,1993,0.2
Georgia,1993,0.06
Germany,1993,0.1
Ghana,1993,0.9
Greece,1993,0.1
Guatemala,1993,0.2
Guinea,1993,1.7
Guinea-Bissau,1993,0.6
Guyana,1993,2.5
Haiti,1993,3.3
Honduras,1993,1.4
Hungary,1993,0.1
Iceland,1993,0.1
India,1993,0.2
Indonesia,1993,0.06
Iran,1993,0.06
Ireland,1993,0.1
Israel,1993,0.1
Italy,1993,0.3
Jamaica,1993,2.2
Japan,1993,0.06
Kazakhstan,1993,0.06
Kenya,1993,8.4
South Korea,1993,0.06
Kyrgyz Republic,1993,0.06
Lao,1993,0.06
Latvia,1993,0.1
Lebanon,1993,0.1
Lesotho,1993,5.9
Liberia,1993,1.7
Lithuania,1993,0.06
Luxembourg,1993,0.1
Madagascar,1993,0.2
Malawi,1993,11.9
Malaysia,1993,0.2
Maldives,1993,0.06
Mali,1993,1.4
Malta,1993,0.06
Mauritania,1993,0.3
Mauritius,1993,0.1
Mexico,1993,0.4
Moldova,1993,0.1
Mongolia,1993,0.06
Morocco,1993,0.06
Mozambique,1993,2.7
Myanmar,1993,0.4
Namibia,1993,4.1
Nepal,1993,0.3
Netherlands,1993,0.1
New Zealand,1993,0.06
Nicaragua,1993,0.1
Niger,1993,0.3
Nigeria,1993,3.6
Norway,1993,0.1
Oman,1993,0.06
Pakistan,1993,0.06
Panama,1993,0.4
Papua New Guinea,1993,0.1
Paraguay,1993,0.2
Peru,1993,0.5
Philippines,1993,0.06
Poland,1993,0.1
Portugal,1993,0.2
Qatar,1993,0.06
Romania,1993,0.1
Russia,1993,0.06
Rwanda,1993,5
Senegal,1993,0.3
Serbia,1993,0.1
Sierra Leone,1993,0.1
Singapore,1993,0.1
Slovak Republic,1993,0.06
Slovenia,1993,0.06
Somalia,1993,0.1
South Africa,1993,2.9
Spain,1993,0.5
Sri Lanka,1993,0.06
Sudan,1993,0.1
Suriname,1993,0.4
Swaziland,1993,6.1
Sweden,1993,0.1
Switzerland,1993,0.3
Tajikistan,1993,0.06
Tanzania,1993,7.1
Thailand,1993,2
Togo,1993,1.6
Trinidad and Tobago,1993,0.5
Tunisia,1993,0.06
Turkey,1993,0.06
Uganda,1993,10.2
Ukraine,1993,0.2
United Kingdom,1993,0.1
United States,1993,0.5
Uruguay,1993,0.1
Uzbekistan,1993,0.06
Vietnam,1993,0.1
Zambia,1993,14.6
Zimbabwe,1993,20.6
Algeria,1994,0.06
Angola,1994,1.4
Argentina,1994,0.3
Armenia,1994,0.06
Australia,1994,0.1
Austria,1994,0.06
Azerbaijan,1994,0.06
Bahamas,1994,3.8
Bangladesh,1994,0.06
Barbados,1994,0.1
Belarus,1994,0.06
Belgium,1994,0.1
Belize,1994,1.4
Benin,1994,0.9
Bhutan,1994,0.06
Bolivia,1994,0.2
Botswana,1994,13.3
Brazil,1994,0.4
Bulgaria,1994,0.06
Burkina Faso,1994,3.6
Burundi,1994,5.8
Cambodia,1994,1.3
Cameroon,1994,3.4
Canada,1994,0.2
Central African Republic,1994,9
Chad,1994,1.9
Chile,1994,0.1
Colombia,1994,0.6
Comoros,1994,0.06
"Congo, Rep.",1994,4.6
Costa Rica,1994,0.06
Cote d'Ivoire,1994,6.4
Croatia,1994,0.06
Cuba,1994,0.06
Czech Republic,1994,0.06
Denmark,1994,0.1
Djibouti,1994,2
Dominican Republic,1994,0.8
Ecuador,1994,0.5
Egypt,1994,0.06
El Salvador,1994,0.3
Equatorial Guinea,1994,0.3
Eritrea,1994,0.9
Estonia,1994,0.1
Fiji,1994,0.06
Finland,1994,0.06
France,1994,0.3
Gabon,1994,2.6
Gambia,1994,0.2
Georgia,1994,0.06
Germany,1994,0.1
Ghana,1994,1.3
Greece,1994,0.1
Guatemala,1994,0.2
Guinea,1994,1.8
Guinea-Bissau,1994,0.7
Guyana,1994,2.3
Haiti,1994,3.6
Honduras,1994,1.5
Hungary,1994,0.1
Iceland,1994,0.1
India,1994,0.2
Indonesia,1994,0.06
Iran,1994,0.06
Ireland,1994,0.1
Israel,1994,0.1
Italy,1994,0.3
Jamaica,1994,2.2
Japan,1994,0.06
Kazakhstan,1994,0.06
Kenya,1994,9.6
South Korea,1994,0.06
Kyrgyz Republic,1994,0.06
Lao,1994,0.06
Latvia,1994,0.1
Lebanon,1994,0.1
Lesotho,1994,9.8
Liberia,1994,2.5
Lithuania,1994,0.06
Luxembourg,1994,0.1
Madagascar,1994,0.2
Malawi,1994,13.1
Malaysia,1994,0.3
Maldives,1994,0.06
Mali,1994,1.7
Malta,1994,0.1
Mauritania,1994,0.3
Mauritius,1994,0.1
Mexico,1994,0.3
Moldova,1994,0.1
Mongolia,1994,0.06
Morocco,1994,0.06
Mozambique,1994,3.4
Myanmar,1994,0.5
Namibia,1994,5.5
Nepal,1994,0.4
Netherlands,1994,0.1
New Zealand,1994,0.06
Nicaragua,1994,0.1
Niger,1994,0.4
Nigeria,1994,3.8
Norway,1994,0.1
Oman,1994,0.06
Pakistan,1994,0.06
Panama,1994,1.1
Papua New Guinea,1994,0.1
Paraguay,1994,0.2
Peru,1994,0.5
Philippines,1994,0.06
Poland,1994,0.1
Portugal,1994,0.3
Qatar,1994,0.06
Romania,1994,0.1
Russia,1994,0.06
Rwanda,1994,4.9
Senegal,1994,0.3
Serbia,1994,0.1
Sierra Leone,1994,0.1
Singapore,1994,0.1
Slovak Republic,1994,0.06
Slovenia,1994,0.06
Somalia,1994,0.1
South Africa,1994,4.3
Spain,1994,0.5
Sri Lanka,1994,0.06
Sudan,1994,0.1
Suriname,1994,0.6
Swaziland,1994,8.1
Sweden,1994,0.1
Switzerland,1994,0.3
Tajikistan,1994,0.06
Tanzania,1994,7.6
Thailand,1994,2.1
Togo,1994,2
Trinidad and Tobago,1994,0.6
Tunisia,1994,0.06
Turkey,1994,0.06
Uganda,1994,9.8
Ukraine,1994,0.3
United Kingdom,1994,0.1
United States,1994,0.5
Uruguay,1994,0.1
Uzbekistan,1994,0.06
Vietnam,1994,0.1
Zambia,1994,14.9
Zimbabwe,1994,23.3
Algeria,1995,0.06
Angola,1995,1.6
Argentina,1995,0.3
Armenia,1995,0.06
Australia,1995,0.1
Austria,1995,0.06
Azerbaijan,1995,0.06
Bahamas,1995,3.7
Bangladesh,1995,0.06
Barbados,1995,0.1
Belarus,1995,0.06
Belgium,1995,0.1
Belize,1995,1.5
Benin,1995,1.1
Bhutan,1995,0.06
Bolivia,1995,0.2
Botswana,1995,16.6
Brazil,1995,0.4
Bulgaria,1995,0.06
Burkina Faso,1995,3.4
Burundi,1995,5.9
Cambodia,1995,1.4
Cameroon,1995,4.2
Canada,1995,0.2
Central African Republic,1995,9.7
Chad,1995,2.1
Chile,1995,0.1
Colombia,1995,0.6
Comoros,1995,0.06
"Congo, Rep.",1995,4.4
Costa Rica,1995,0.06
Cote d'Ivoire,1995,7.1
Croatia,1995,0.06
Cuba,1995,0.06
Czech Republic,1995,0.06
Denmark,1995,0.1
Djibouti,1995,2.3
Dominican Republic,1995,0.9
Ecuador,1995,0.5
Egypt,1995,0.06
El Salvador,1995,0.4
Equatorial Guinea,1995,0.4
Eritrea,1995,1.1
Estonia,1995,0.1
Fiji,1995,0.06
Finland,1995,0.06
France,1995,0.3
Gabon,1995,3.1
Gambia,1995,0.2
Georgia,1995,0.06
Germany,1995,0.1
Ghana,1995,1.7
Greece,1995,0.1
Guatemala,1995,0.2
Guinea,1995,1.8
Guinea-Bissau,1995,0.9
Guyana,1995,2.2
Haiti,1995,3.6
Honduras,1995,1.5
Hungary,1995,0.1
Iceland,1995,0.1
India,1995,0.3
Indonesia,1995,0.06
Iran,1995,0.06
Ireland,1995,0.1
Israel,1995,0.1
Italy,1995,0.3
Jamaica,1995,2.2
Japan,1995,0.06
Kazakhstan,1995,0.06
Kenya,1995,10.3
South Korea,1995,0.06
Kyrgyz Republic,1995,0.06
Lao,1995,0.06
Latvia,1995,0.1
Lebanon,1995,0.1
Lesotho,1995,14.3
Liberia,1995,3.1
Lithuania,1995,0.06
Luxembourg,1995,0.2
Madagascar,1995,0.2
Malawi,1995,13.9
Malaysia,1995,0.3
Maldives,1995,0.06
Mali,1995,1.8
Malta,1995,0.1
Mauritania,1995,0.4
Mauritius,1995,0.1
Mexico,1995,0.3
Moldova,1995,0.1
Mongolia,1995,0.06
Morocco,1995,0.06
Mozambique,1995,4.1
Myanmar,1995,0.6
Namibia,1995,7.1
Nepal,1995,0.4
Netherlands,1995,0.2
New Zealand,1995,0.06
Nicaragua,1995,0.1
Niger,1995,0.6
Nigeria,1995,4
Norway,1995,0.1
Oman,1995,0.06
Pakistan,1995,0.06
Panama,1995,1.6
Papua New Guinea,1995,0.1
Paraguay,1995,0.2
Peru,1995,0.5
Philippines,1995,0.06
Poland,1995,0.1
Portugal,1995,0.3
Qatar,1995,0.06
Romania,1995,0.1
Russia,1995,0.06
Rwanda,1995,4.7
Senegal,1995,0.4
Serbia,1995,0.1
Sierra Leone,1995,0.2
Singapore,1995,0.1
Slovak Republic,1995,0.06
Slovenia,1995,0.06
Somalia,1995,0.1
South Africa,1995,6.1
Spain,1995,0.5
Sri Lanka,1995,0.06
Sudan,1995,0.2
Suriname,1995,0.7
Swaziland,1995,10.6
Sweden,1995,0.1
Switzerland,1995,0.3
Tajikistan,1995,0.1
Tanzania,1995,7.8
Thailand,1995,2.1
Togo,1995,2.5
Trinidad and Tobago,1995,0.8
Tunisia,1995,0.06
Turkey,1995,0.06
Uganda,1995,9.3
Ukraine,1995,0.3
United Kingdom,1995,0.1
United States,1995,0.5
Uruguay,1995,0.2
Uzbekistan,1995,0.06
Vietnam,1995,0.1
Zambia,1995,15
Zimbabwe,1995,25.1
Algeria,1996,0.06
Angola,1996,1.7
Argentina,1996,0.3
Armenia,1996,0.06
Australia,1996,0.1
Austria,1996,0.06
Azerbaijan,1996,0.06
Bahamas,1996,3.6
Bangladesh,1996,0.06
Barbados,1996,0.2
Belarus,1996,0.06
Belgium,1996,0.2
Belize,1996,1.6
Benin,1996,1.3
Bhutan,1996,0.06
Bolivia,1996,0.2
Botswana,1996,19.7
Brazil,1996,0.4
Bulgaria,1996,0.06
Burkina Faso,1996,3.2
Burundi,1996,5.9
Cambodia,1996,1.4
Cameroon,1996,4.8
Canada,1996,0.2
Central African Republic,1996,10.1
Chad,1996,2.3
Chile,1996,0.1
Colombia,1996,0.7
Comoros,1996,0.06
"Congo, Rep.",1996,4.3
Costa Rica,1996,0.06
Cote d'Ivoire,1996,7.4
Croatia,1996,0.06
Cuba,1996,0.06
Czech Republic,1996,0.06
Denmark,1996,0.1
Djibouti,1996,2.5
Dominican Republic,1996,0.9
Ecuador,1996,0.5
Egypt,1996,0.06
El Salvador,1996,0.4
Equatorial Guinea,1996,0.6
Eritrea,1996,1.1
Estonia,1996,0.1
Fiji,1996,0.06
Finland,1996,0.06
France,1996,0.3
Gabon,1996,3.7
Gambia,1996,0.3
Georgia,1996,0.06
Germany,1996,0.1
Ghana,1996,2
Greece,1996,0.1
Guatemala,1996,0.3
Guinea,1996,1.8
Guinea-Bissau,1996,1
Guyana,1996,2.1
Haiti,1996,3.4
Honduras,1996,1.5
Hungary,1996,0.1
Iceland,1996,0.1
India,1996,0.3
Indonesia,1996,0.06
Iran,1996,0.06
Ireland,1996,0.1
Israel,1996,0.1
Italy,1996,0.3
Jamaica,1996,2.1
Japan,1996,0.06
Kazakhstan,1996,0.06
Kenya,1996,10.5
South Korea,1996,0.06
Kyrgyz Republic,1996,0.06
Lao,1996,0.06
Latvia,1996,0.1
Lebanon,1996,0.1
Lesotho,1996,18.5
Liberia,1996,3.4
Lithuania,1996,0.06
Luxembourg,1996,0.2
Madagascar,1996,0.2
Malawi,1996,14.5
Malaysia,1996,0.3
Maldives,1996,0.06
Mali,1996,1.9
Malta,1996,0.1
Mauritania,1996,0.4
Mauritius,1996,0.1
Mexico,1996,0.3
Moldova,1996,0.2
Mongolia,1996,0.06
Morocco,1996,0.1
Mozambique,1996,4.9
Myanmar,1996,0.6
Namibia,1996,8.9
Nepal,1996,0.4
Netherlands,1996,0.2
New Zealand,1996,0.1
Nicaragua,1996,0.1
Niger,1996,0.7
Nigeria,1996,4
Norway,1996,0.1
Oman,1996,0.06
Pakistan,1996,0.06
Panama,1996,1.6
Papua New Guinea,1996,0.1
Paraguay,1996,0.2
Peru,1996,0.5
Philippines,1996,0.06
Poland,1996,0.1
Portugal,1996,0.3
Qatar,1996,0.06
Romania,1996,0.1
Russia,1996,0.06
Rwanda,1996,4.5
Senegal,1996,0.4
Serbia,1996,0.06
Sierra Leone,1996,0.3
Singapore,1996,0.1
Slovak Republic,1996,0.06
Slovenia,1996,0.06
Somalia,1996,0.1
South Africa,1996,8.4
Spain,1996,0.4
Sri Lanka,1996,0.06
Sudan,1996,0.2
Suriname,1996,0.9
Swaziland,1996,13.3
Sweden,1996,0.1
Switzerland,1996,0.3
Tajikistan,1996,0.1
Tanzania,1996,7.9
Thailand,1996,2.1
Togo,1996,2.9
Trinidad and Tobago,1996,0.9
Tunisia,1996,0.06
Turkey,1996,0.06
Uganda,1996,8.8
Ukraine,1996,0.4
United Kingdom,1996,0.1
United States,1996,0.5
Uruguay,1996,0.2
Uzbekistan,1996,0.06
Vietnam,1996,0.1
Zambia,1996,14.9
Zimbabwe,1996,26.2
Algeria,1997,0.06
Angola,1997,1.8
Argentina,1997,0.3
Armenia,1997,0.06
Australia,1997,0.1
Austria,1997,0.1
Azerbaijan,1997,0.06
Bahamas,1997,3.5
Bangladesh,1997,0.06
Barbados,1997,0.2
Belarus,1997,0.06
Belgium,1997,0.2
Belize,1997,1.8
Benin,1997,1.4
Bhutan,1997,0.06
Bolivia,1997,0.2
Botswana,1997,22.2
Brazil,1997,0.4
Bulgaria,1997,0.06
Burkina Faso,1997,2.9
Burundi,1997,5.8
Cambodia,1997,1.4
Cameroon,1997,5.1
Canada,1997,0.2
Central African Republic,1997,10.1
Chad,1997,2.5
Chile,1997,0.1
Colombia,1997,0.8
Comoros,1997,0.06
"Congo, Rep.",1997,4.1
Costa Rica,1997,0.1
Cote d'Ivoire,1997,7.5
Croatia,1997,0.06
Cuba,1997,0.06
Czech Republic,1997,0.06
Denmark,1997,0.1
Djibouti,1997,2.7
Dominican Republic,1997,1
Ecuador,1997,0.5
Egypt,1997,0.06
El Salvador,1997,0.5
Equatorial Guinea,1997,0.7
Eritrea,1997,1.2
Estonia,1997,0.2
Fiji,1997,0.06
Finland,1997,0.06
France,1997,0.3
Gabon,1997,4.2
Gambia,1997,0.3
Georgia,1997,0.06
Germany,1997,0.1
Ghana,1997,2.2
Greece,1997,0.1
Guatemala,1997,0.3
Guinea,1997,1.8
Guinea-Bissau,1997,1.2
Guyana,1997,1.9
Haiti,1997,3.3
Honduras,1997,1.4
Hungary,1997,0.1
Iceland,1997,0.1
India,1997,0.3
Indonesia,1997,0.06
Iran,1997,0.1
Ireland,1997,0.1
Israel,1997,0.1
Italy,1997,0.3
Jamaica,1997,2.1
Japan,1997,0.06
Kazakhstan,1997,0.06
Kenya,1997,10.5
South Korea,1997,0.06
Kyrgyz Republic,1997,0.06
Lao,1997,0.06
Latvia,1997,0.2
Lebanon,1997,0.1
Lesotho,1997,21.6
Liberia,1997,3.6
Lithuania,1997,0.06
Luxembourg,1997,0.2
Madagascar,1997,0.2
Malawi,1997,14.7
Malaysia,1997,0.4
Maldives,1997,0.06
Mali,1997,1.9
Malta,1997,0.1
Mauritania,1997,0.5
Mauritius,1997,0.2
Mexico,1997,0.3
Moldova,1997,0.3
Mongolia,1997,0.06
Morocco,1997,0.1
Mozambique,1997,5.8
Myanmar,1997,0.7
Namibia,1997,10.7
Nepal,1997,0.4
Netherlands,1997,0.2
New Zealand,1997,0.1
Nicaragua,1997,0.1
Niger,1997,0.9
Nigeria,1997,4
Norway,1997,0.1
Oman,1997,0.06
Pakistan,1997,0.06
Panama,1997,1.6
Papua New Guinea,1997,0.2
Paraguay,1997,0.2
Peru,1997,0.5
Philippines,1997,0.06
Poland,1997,0.1
Portugal,1997,0.4
Qatar,1997,0.06
Romania,1997,0.1
Russia,1997,0.06
Rwanda,1997,4.3
Senegal,1997,0.5
Serbia,1997,0.06
Sierra Leone,1997,0.4
Singapore,1997,0.1
Slovak Republic,1997,0.06
Slovenia,1997,0.06
Somalia,1997,0.2
South Africa,1997,10.7
Spain,1997,0.4
Sri Lanka,1997,0.06
Sudan,1997,0.2
Suriname,1997,0.9
Swaziland,1997,16
Sweden,1997,0.1
Switzerland,1997,0.3
Tajikistan,1997,0.1
Tanzania,1997,7.9
Thailand,1997,2
Togo,1997,3.1
Trinidad and Tobago,1997,1
Tunisia,1997,0.06
Turkey,1997,0.06
Uganda,1997,8.4
Ukraine,1997,0.5
United Kingdom,1997,0.1
United States,1997,0.5
Uruguay,1997,0.2
Uzbekistan,1997,0.06
Vietnam,1997,0.1
Zambia,1997,14.8
Zimbabwe,1997,26.5
Algeria,1998,0.06
Angola,1998,1.8
Argentina,1998,0.3
Armenia,1998,0.1
Australia,1998,0.1
Austria,1998,0.1
Azerbaijan,1998,0.06
Bahamas,1998,3.3
Bangladesh,1998,0.06
Barbados,1998,0.3
Belarus,1998,0.06
Belgium,1998,0.2
Belize,1998,1.9
Benin,1998,1.4
Bhutan,1998,0.06
Bolivia,1998,0.2
Botswana,1998,24.1
Brazil,1998,0.4
Bulgaria,1998,0.06
Burkina Faso,1998,2.7
Burundi,1998,5.7
Cambodia,1998,1.4
Cameroon,1998,5.3
Canada,1998,0.2
Central African Republic,1998,10
Chad,1998,2.7
Chile,1998,0.2
Colombia,1998,0.8
Comoros,1998,0.06
"Congo, Rep.",1998,4
Costa Rica,1998,0.1
Cote d'Ivoire,1998,7.4
Croatia,1998,0.06
Cuba,1998,0.06
Czech Republic,1998,0.06
Denmark,1998,0.1
Djibouti,1998,2.8
Dominican Republic,1998,1
Ecuador,1998,0.5
Egypt,1998,0.06
El Salvador,1998,0.6
Equatorial Guinea,1998,0.9
Eritrea,1998,1.2
Estonia,1998,0.3
Fiji,1998,0.06
Finland,1998,0.06
France,1998,0.3
Gabon,1998,4.6
Gambia,1998,0.4
Georgia,1998,0.06
Germany,1998,0.1
Ghana,1998,2.3
Greece,1998,0.1
Guatemala,1998,0.4
Guinea,1998,1.8
Guinea-Bissau,1998,1.4
Guyana,1998,1.8
Haiti,1998,3.1
Honduras,1998,1.4
Hungary,1998,0.06
Iceland,1998,0.2
India,1998,0.4
Indonesia,1998,0.06
Iran,1998,0.1
Ireland,1998,0.2
Israel,1998,0.1
Italy,1998,0.3
Jamaica,1998,2
Japan,1998,0.06
Kazakhstan,1998,0.06
Kenya,1998,10.1
South Korea,1998,0.06
Kyrgyz Republic,1998,0.06
Lao,1998,0.06
Latvia,1998,0.2
Lebanon,1998,0.1
Lesotho,1998,23.4
Liberia,1998,3.5
Lithuania,1998,0.06
Luxembourg,1998,0.2
Madagascar,1998,0.2
Malawi,1998,14.7
Malaysia,1998,0.4
Maldives,1998,0.06
Mali,1998,1.8
Malta,1998,0.1
Mauritania,1998,0.5
Mauritius,1998,0.2
Mexico,1998,0.3
Moldova,1998,0.3
Mongolia,1998,0.06
Morocco,1998,0.1
Mozambique,1998,6.7
Myanmar,1998,0.7
Namibia,1998,12.5
Nepal,1998,0.5
Netherlands,1998,0.2
New Zealand,1998,0.1
Nicaragua,1998,0.1
Niger,1998,0.9
Nigeria,1998,4
Norway,1998,0.1
Oman,1998,0.06
Pakistan,1998,0.06
Panama,1998,1.6
Papua New Guinea,1998,0.2
Paraguay,1998,0.3
Peru,1998,0.5
Philippines,1998,0.06
Poland,1998,0.1
Portugal,1998,0.4
Qatar,1998,0.06
Romania,1998,0.1
Russia,1998,0.1
Rwanda,1998,4.2
Senegal,1998,0.5
Serbia,1998,0.06
Sierra Leone,1998,0.6
Singapore,1998,0.1
Slovak Republic,1998,0.06
Slovenia,1998,0.06
Somalia,1998,0.2
South Africa,1998,12.9
Spain,1998,0.4
Sri Lanka,1998,0.06
Sudan,1998,0.3
Suriname,1998,1
Swaziland,1998,18.5
Sweden,1998,0.1
Switzerland,1998,0.3
Tajikistan,1998,0.1
Tanzania,1998,7.7
Thailand,1998,2
Togo,1998,3.4
Trinidad and Tobago,1998,1.1
Tunisia,1998,0.06
Turkey,1998,0.06
Uganda,1998,8
Ukraine,1998,0.7
United Kingdom,1998,0.1
United States,1998,0.5
Uruguay,1998,0.2
Uzbekistan,1998,0.06
Vietnam,1998,0.2
Zambia,1998,14.7
Zimbabwe,1998,26.3
Algeria,1999,0.06
Angola,1999,1.9
Argentina,1999,0.3
Armenia,1999,0.1
Australia,1999,0.1
Austria,1999,0.1
Azerbaijan,1999,0.06
Bahamas,1999,3.2
Bangladesh,1999,0.06
Barbados,1999,0.4
Belarus,1999,0.1
Belgium,1999,0.2
Belize,1999,2
Benin,1999,1.4
Bhutan,1999,0.06
Bolivia,1999,0.2
Botswana,1999,25.3
Brazil,1999,0.4
Bulgaria,1999,0.06
Burkina Faso,1999,2.5
Burundi,1999,5.4
Cambodia,1999,1.4
Cameroon,1999,5.4
Canada,1999,0.2
Central African Republic,1999,9.8
Chad,1999,2.9
Chile,1999,0.2
Colombia,1999,0.9
Comoros,1999,0.06
"Congo, Rep.",1999,3.9
Costa Rica,1999,0.1
Cote d'Ivoire,1999,7.2
Croatia,1999,0.06
Cuba,1999,0.06
Czech Republic,1999,0.06
Denmark,1999,0.1
Djibouti,1999,2.9
Dominican Republic,1999,1
Ecuador,1999,0.5
Egypt,1999,0.06
El Salvador,1999,0.7
Equatorial Guinea,1999,1.2
Eritrea,1999,1.2
Estonia,1999,0.4
Fiji,1999,0.06
Finland,1999,0.06
France,1999,0.3
Gabon,1999,4.9
Gambia,1999,0.4
Georgia,1999,0.06
Germany,1999,0.1
Ghana,1999,2.3
Greece,1999,0.1
Guatemala,1999,0.4
Guinea,1999,1.8
Guinea-Bissau,1999,1.6
Guyana,1999,1.6
Haiti,1999,2.9
Honduras,1999,1.3
Hungary,1999,0.06
Iceland,1999,0.2
India,1999,0.4
Indonesia,1999,0.06
Iran,1999,0.1
Ireland,1999,0.2
Israel,1999,0.1
Italy,1999,0.3
Jamaica,1999,2
Japan,1999,0.06
Kazakhstan,1999,0.06
Kenya,1999,9.6
South Korea,1999,0.06
Kyrgyz Republic,1999,0.06
Lao,1999,0.06
Latvia,1999,0.2
Lebanon,1999,0.1
Lesotho,1999,24.2
Liberia,1999,3.4
Lithuania,1999,0.06
Luxembourg,1999,0.2
Madagascar,1999,0.2
Malawi,1999,14.5
Malaysia,1999,0.4
Maldives,1999,0.06
Mali,1999,1.8
Malta,1999,0.1
Mauritania,1999,0.5
Mauritius,1999,0.3
Mexico,1999,0.3
Moldova,1999,0.4
Mongolia,1999,0.06
Morocco,1999,0.1
Mozambique,1999,7.7
Myanmar,1999,0.7
Namibia,1999,14.1
Nepal,1999,0.5
Netherlands,1999,0.2
New Zealand,1999,0.1
Nicaragua,1999,0.1
Niger,1999,1
Nigeria,1999,4
Norway,1999,0.1
Oman,1999,0.06
Pakistan,1999,0.06
Panama,1999,1.5
Papua New Guinea,1999,0.3
Paraguay,1999,0.3
Peru,1999,0.5
Philippines,1999,0.06
Poland,1999,0.1
Portugal,1999,0.4
Qatar,1999,0.06
Romania,1999,0.1
Russia,1999,0.1
Rwanda,1999,4
Senegal,1999,0.5
Serbia,1999,0.06
Sierra Leone,1999,0.8
Singapore,1999,0.1
Slovak Republic,1999,0.06
Slovenia,1999,0.06
Somalia,1999,0.2
South Africa,1999,14.8
Spain,1999,0.4
Sri Lanka,1999,0.06
Sudan,1999,0.3
Suriname,1999,1
Swaziland,1999,20.6
Sweden,1999,0.1
Switzerland,1999,0.3
Tajikistan,1999,0.1
Tanzania,1999,7.5
Thailand,1999,1.9
Togo,1999,3.5
Trinidad and Tobago,1999,1.1
Tunisia,1999,0.06
Turkey,1999,0.06
Uganda,1999,7.6
Ukraine,1999,0.8
United Kingdom,1999,0.1
United States,1999,0.5
Uruguay,1999,0.3
Uzbekistan,1999,0.06
Vietnam,1999,0.2
Zambia,1999,14.6
Zimbabwe,1999,25.7
Algeria,2000,0.06
Angola,2000,1.9
Argentina,2000,0.4
Armenia,2000,0.1
Australia,2000,0.1
Austria,2000,0.1
Azerbaijan,2000,0.06
Bahamas,2000,3.2
Bangladesh,2000,0.06
Barbados,2000,0.4
Belarus,2000,0.1
Belgium,2000,0.2
Belize,2000,2.2
Benin,2000,1.4
Bhutan,2000,0.06
Bolivia,2000,0.2
Botswana,2000,26
Brazil,2000,0.4
Bulgaria,2000,0.06
Burkina Faso,2000,2.3
Burundi,2000,5.2
Cambodia,2000,1.3
Cameroon,2000,5.5
Canada,2000,0.2
Central African Republic,2000,9.4
Chad,2000,3
Chile,2000,0.2
Colombia,2000,0.9
Comoros,2000,0.06
"Congo, Rep.",2000,3.9
Costa Rica,2000,0.1
Cote d'Ivoire,2000,6.9
Croatia,2000,0.06
Cuba,2000,0.06
Czech Republic,2000,0.06
Denmark,2000,0.1
Djibouti,2000,2.9
Dominican Republic,2000,1
Ecuador,2000,0.5
Egypt,2000,0.06
El Salvador,2000,0.7
Equatorial Guinea,2000,1.5
Eritrea,2000,1.2
Estonia,2000,0.5
Fiji,2000,0.06
Finland,2000,0.1
France,2000,0.3
Gabon,2000,5.2
Gambia,2000,0.5
Georgia,2000,0.06
Germany,2000,0.1
Ghana,2000,2.3
Greece,2000,0.1
Guatemala,2000,0.5
Guinea,2000,1.7
Guinea-Bissau,2000,1.8
Guyana,2000,1.5
Haiti,2000,2.8
Honduras,2000,1.3
Hungary,2000,0.06
Iceland,2000,0.2
India,2000,0.4
Indonesia,2000,0.06
Iran,2000,0.1
Ireland,2000,0.2
Israel,2000,0.1
Italy,2000,0.3
Jamaica,2000,1.9
Japan,2000,0.06
Kazakhstan,2000,0.06
Kenya,2000,9
South Korea,2000,0.06
Kyrgyz Republic,2000,0.06
Lao,2000,0.06
Latvia,2000,0.3
Lebanon,2000,0.2
Lesotho,2000,24.5
Liberia,2000,3.3
Lithuania,2000,0.06
Luxembourg,2000,0.2
Madagascar,2000,0.2
Malawi,2000,14.2
Malaysia,2000,0.4
Maldives,2000,0.06
Mali,2000,1.7
Malta,2000,0.1
Mauritania,2000,0.6
Mauritius,2000,0.3
Mexico,2000,0.3
Moldova,2000,0.4
Mongolia,2000,0.06
Morocco,2000,0.1
Mozambique,2000,8.6
Myanmar,2000,0.8
Namibia,2000,15.3
Nepal,2000,0.5
Netherlands,2000,0.2
New Zealand,2000,0.1
Nicaragua,2000,0.1
Niger,2000,1
Nigeria,2000,3.9
Norway,2000,0.1
Oman,2000,0.06
Pakistan,2000,0.06
Panama,2000,1.4
Papua New Guinea,2000,0.4
Paraguay,2000,0.3
Peru,2000,0.5
Philippines,2000,0.06
Poland,2000,0.1
Portugal,2000,0.4
Qatar,2000,0.06
Romania,2000,0.1
Russia,2000,0.3
Rwanda,2000,3.8
Senegal,2000,0.6
Serbia,2000,0.06
Sierra Leone,2000,0.9
Singapore,2000,0.1
Slovak Republic,2000,0.06
Slovenia,2000,0.06
Somalia,2000,0.2
South Africa,2000,16.1
Spain,2000,0.4
Sri Lanka,2000,0.06
Sudan,2000,0.3
Suriname,2000,1
Swaziland,2000,22.3
Sweden,2000,0.1
Switzerland,2000,0.3
Tajikistan,2000,0.1
Tanzania,2000,7.3
Thailand,2000,1.8
Togo,2000,3.6
Trinidad and Tobago,2000,1.2
Tunisia,2000,0.06
Turkey,2000,0.06
Uganda,2000,7.3
Ukraine,2000,0.9
United Kingdom,2000,0.1
United States,2000,0.5
Uruguay,2000,0.3
Uzbekistan,2000,0.06
Vietnam,2000,0.2
Zambia,2000,14.4
Zimbabwe,2000,24.8
Algeria,2001,0.06
Angola,2001,1.9
Argentina,2001,0.4
Armenia,2001,0.1
Australia,2001,0.1
Austria,2001,0.1
Azerbaijan,2001,0.06
Bahamas,2001,3.1
Bangladesh,2001,0.06
Barbados,2001,0.5
Belarus,2001,0.1
Belgium,2001,0.2
Belize,2001,2.2
Benin,2001,1.4
Bhutan,2001,0.06
Bolivia,2001,0.2
Botswana,2001,26.3
Brazil,2001,0.4
Bulgaria,2001,0.06
Burkina Faso,2001,2.1
Burundi,2001,5
Cambodia,2001,1.2
Cameroon,2001,5.5
Canada,2001,0.2
Central African Republic,2001,8.9
Chad,2001,3.2
Chile,2001,0.3
Colombia,2001,0.8
Comoros,2001,0.06
"Congo, Rep.",2001,3.8
Costa Rica,2001,0.2
Cote d'Ivoire,2001,6.5
Croatia,2001,0.06
Cuba,2001,0.06
Czech Republic,2001,0.06
Denmark,2001,0.1
Djibouti,2001,2.9
Dominican Republic,2001,0.9
Ecuador,2001,0.5
Egypt,2001,0.06
El Salvador,2001,0.8
Equatorial Guinea,2001,1.9
Eritrea,2001,1.2
Estonia,2001,0.6
Fiji,2001,0.06
Finland,2001,0.1
France,2001,0.3
Gabon,2001,5.3
Gambia,2001,0.6
Georgia,2001,0.06
Germany,2001,0.1
Ghana,2001,2.3
Greece,2001,0.1
Guatemala,2001,0.5
Guinea,2001,1.7
Guinea-Bissau,2001,2
Guyana,2001,1.4
Haiti,2001,2.6
Honduras,2001,1.2
Hungary,2001,0.06
Iceland,2001,0.2
India,2001,0.4
Indonesia,2001,0.06
Iran,2001,0.1
Ireland,2001,0.2
Israel,2001,0.1
Italy,2001,0.3
Jamaica,2001,1.9
Japan,2001,0.06
Kazakhstan,2001,0.06
Kenya,2001,8.4
South Korea,2001,0.06
Kyrgyz Republic,2001,0.06
Lao,2001,0.06
Latvia,2001,0.4
Lebanon,2001,0.2
Lesotho,2001,24.5
Liberia,2001,3.1
Lithuania,2001,0.06
Luxembourg,2001,0.3
Madagascar,2001,0.2
Malawi,2001,13.8
Malaysia,2001,0.4
Maldives,2001,0.06
Mali,2001,1.6
Malta,2001,0.1
Mauritania,2001,0.6
Mauritius,2001,0.4
Mexico,2001,0.3
Moldova,2001,0.4
Mongolia,2001,0.06
Morocco,2001,0.1
Mozambique,2001,9.4
Myanmar,2001,0.8
Namibia,2001,16.1
Nepal,2001,0.5
Netherlands,2001,0.2
New Zealand,2001,0.1
Nicaragua,2001,0.1
Niger,2001,1
Nigeria,2001,3.8
Norway,2001,0.1
Oman,2001,0.06
Pakistan,2001,0.1
Panama,2001,1.4
Papua New Guinea,2001,0.5
Paraguay,2001,0.3
Peru,2001,0.5
Philippines,2001,0.06
Poland,2001,0.1
Portugal,2001,0.5
Qatar,2001,0.06
Romania,2001,0.1
Russia,2001,0.5
Rwanda,2001,3.7
Senegal,2001,0.6
Serbia,2001,0.06
Sierra Leone,2001,1.1
Singapore,2001,0.1
Slovak Republic,2001,0.06
Slovenia,2001,0.06
Somalia,2001,0.3
South Africa,2001,17.1
Spain,2001,0.4
Sri Lanka,2001,0.06
Sudan,2001,0.4
Suriname,2001,1
Swaziland,2001,23.6
Sweden,2001,0.1
Switzerland,2001,0.3
Tajikistan,2001,0.1
Tanzania,2001,7.1
Thailand,2001,1.7
Togo,2001,3.6
Trinidad and Tobago,2001,1.2
Tunisia,2001,0.06
Turkey,2001,0.06
Uganda,2001,7
Ukraine,2001,0.9
United Kingdom,2001,0.1
United States,2001,0.5
Uruguay,2001,0.4
Uzbekistan,2001,0.06
Vietnam,2001,0.3
Zambia,2001,14.3
Zimbabwe,2001,23.7
Algeria,2002,0.06
Angola,2002,1.9
Argentina,2002,0.4
Armenia,2002,0.1
Australia,2002,0.1
Austria,2002,0.1
Azerbaijan,2002,0.06
Bahamas,2002,3
Bangladesh,2002,0.06
Barbados,2002,0.6
Belarus,2002,0.1
Belgium,2002,0.2
Belize,2002,2.3
Benin,2002,1.4
Bhutan,2002,0.06
Bolivia,2002,0.2
Botswana,2002,26.3
Brazil,2002,0.4
Bulgaria,2002,0.06
Burkina Faso,2002,1.9
Burundi,2002,4.7
Cambodia,2002,1.1
Cameroon,2002,5.5
Canada,2002,0.2
Central African Republic,2002,8.4
Chad,2002,3.3
Chile,2002,0.3
Colombia,2002,0.8
Comoros,2002,0.06
"Congo, Rep.",2002,3.8
Costa Rica,2002,0.2
Cote d'Ivoire,2002,6.1
Croatia,2002,0.06
Cuba,2002,0.06
Czech Republic,2002,0.06
Denmark,2002,0.1
Djibouti,2002,2.9
Dominican Republic,2002,0.9
Ecuador,2002,0.5
Egypt,2002,0.06
El Salvador,2002,0.8
Equatorial Guinea,2002,2.3
Eritrea,2002,1.1
Estonia,2002,0.7
Fiji,2002,0.06
Finland,2002,0.1
France,2002,0.3
Gabon,2002,5.4
Gambia,2002,0.7
Georgia,2002,0.06
Germany,2002,0.1
Ghana,2002,2.2
Greece,2002,0.1
Guatemala,2002,0.5
Guinea,2002,1.6
Guinea-Bissau,2002,2.1
Guyana,2002,1.3
Haiti,2002,2.5
Honduras,2002,1.1
Hungary,2002,0.06
Iceland,2002,0.2
India,2002,0.4
Indonesia,2002,0.06
Iran,2002,0.1
Ireland,2002,0.2
Israel,2002,0.1
Italy,2002,0.3
Jamaica,2002,1.9
Japan,2002,0.06
Kazakhstan,2002,0.06
Kenya,2002,7.9
South Korea,2002,0.06
Kyrgyz Republic,2002,0.06
Lao,2002,0.06
Latvia,2002,0.4
Lebanon,2002,0.2
Lesotho,2002,24.3
Liberia,2002,2.8
Lithuania,2002,0.06
Luxembourg,2002,0.3
Madagascar,2002,0.2
Malawi,2002,13.4
Malaysia,2002,0.4
Maldives,2002,0.06
Mali,2002,1.5
Malta,2002,0.1
Mauritania,2002,0.6
Mauritius,2002,0.4
Mexico,2002,0.3
Moldova,2002,0.4
Mongolia,2002,0.06
Morocco,2002,0.1
Mozambique,2002,10.1
Myanmar,2002,0.7
Namibia,2002,16.5
Nepal,2002,0.5
Netherlands,2002,0.2
New Zealand,2002,0.1
Nicaragua,2002,0.1
Niger,2002,1
Nigeria,2002,3.8
Norway,2002,0.1
Oman,2002,0.06
Pakistan,2002,0.1
Panama,2002,1.3
Papua New Guinea,2002,0.6
Paraguay,2002,0.3
Peru,2002,0.5
Philippines,2002,0.06
Poland,2002,0.1
Portugal,2002,0.5
Qatar,2002,0.06
Romania,2002,0.1
Russia,2002,0.6
Rwanda,2002,3.6
Senegal,2002,0.7
Serbia,2002,0.1
Sierra Leone,2002,1.2
Singapore,2002,0.1
Slovak Republic,2002,0.06
Slovenia,2002,0.06
Somalia,2002,0.3
South Africa,2002,17.7
Spain,2002,0.4
Sri Lanka,2002,0.06
Sudan,2002,0.4
Suriname,2002,1
Swaziland,2002,24.5
Sweden,2002,0.1
Switzerland,2002,0.3
Tajikistan,2002,0.1
Tanzania,2002,6.8
Thailand,2002,1.6
Togo,2002,3.6
Trinidad and Tobago,2002,1.2
Tunisia,2002,0.06
Turkey,2002,0.06
Uganda,2002,6.8
Ukraine,2002,1
United Kingdom,2002,0.2
United States,2002,0.5
Uruguay,2002,0.4
Uzbekistan,2002,0.06
Vietnam,2002,0.3
Zambia,2002,14.2
Zimbabwe,2002,22.5
Algeria,2003,0.06
Angola,2003,1.9
Argentina,2003,0.4
Armenia,2003,0.1
Australia,2003,0.1
Austria,2003,0.2
Azerbaijan,2003,0.06
Bahamas,2003,3
Bangladesh,2003,0.06
Barbados,2003,0.7
Belarus,2003,0.1
Belgium,2003,0.2
Belize,2003,2.4
Benin,2003,1.3
Bhutan,2003,0.1
Bolivia,2003,0.2
Botswana,2003,26.1
Brazil,2003,0.4
Bulgaria,2003,0.06
Burkina Faso,2003,1.7
Burundi,2003,4.5
Cambodia,2003,0.9
Cameroon,2003,5.5
Canada,2003,0.2
Central African Republic,2003,7.8
Chad,2003,3.4
Chile,2003,0.3
Colombia,2003,0.8
Comoros,2003,0.06
"Congo, Rep.",2003,3.7
Costa Rica,2003,0.2
Cote d'Ivoire,2003,5.7
Croatia,2003,0.06
Cuba,2003,0.06
Czech Republic,2003,0.06
Denmark,2003,0.1
Djibouti,2003,2.8
Dominican Republic,2003,0.9
Ecuador,2003,0.5
Egypt,2003,0.06
El Salvador,2003,0.8
Equatorial Guinea,2003,2.7
Eritrea,2003,1.1
Estonia,2003,0.9
Fiji,2003,0.1
Finland,2003,0.1
France,2003,0.4
Gabon,2003,5.4
Gambia,2003,0.8
Georgia,2003,0.1
Germany,2003,0.1
Ghana,2003,2.1
Greece,2003,0.1
Guatemala,2003,0.6
Guinea,2003,1.6
Guinea-Bissau,2003,2.3
Guyana,2003,1.3
Haiti,2003,2.3
Honduras,2003,1.1
Hungary,2003,0.06
Iceland,2003,0.2
India,2003,0.4
Indonesia,2003,0.06
Iran,2003,0.2
Ireland,2003,0.2
Israel,2003,0.2
Italy,2003,0.3
Jamaica,2003,1.8
Japan,2003,0.06
Kazakhstan,2003,0.1
Kenya,2003,7.5
South Korea,2003,0.06
Kyrgyz Republic,2003,0.06
Lao,2003,0.1
Latvia,2003,0.5
Lebanon,2003,0.2
Lesotho,2003,24.1
Liberia,2003,2.6
Lithuania,2003,0.06
Luxembourg,2003,0.3
Madagascar,2003,0.2
Malawi,2003,13
Malaysia,2003,0.4
Maldives,2003,0.06
Mali,2003,1.4
Malta,2003,0.1
Mauritania,2003,0.7
Mauritius,2003,0.5
Mexico,2003,0.3
Moldova,2003,0.4
Mongolia,2003,0.06
Morocco,2003,0.1
Mozambique,2003,10.6
Myanmar,2003,0.7
Namibia,2003,16.5
Nepal,2003,0.5
Netherlands,2003,0.2
New Zealand,2003,0.1
Nicaragua,2003,0.1
Niger,2003,1
Nigeria,2003,3.7
Norway,2003,0.1
Oman,2003,0.06
Pakistan,2003,0.1
Panama,2003,1.2
Papua New Guinea,2003,0.7
Paraguay,2003,0.3
Peru,2003,0.5
Philippines,2003,0.06
Poland,2003,0.1
Portugal,2003,0.5
Qatar,2003,0.06
Romania,2003,0.1
Russia,2003,0.8
Rwanda,2003,3.4
Senegal,2003,0.7
Serbia,2003,0.1
Sierra Leone,2003,1.3
Singapore,2003,0.1
Slovak Republic,2003,0.06
Slovenia,2003,0.06
Somalia,2003,0.3
South Africa,2003,18
Spain,2003,0.4
Sri Lanka,2003,0.06
Sudan,2003,0.5
Suriname,2003,1
Swaziland,2003,25.1
Sweden,2003,0.1
Switzerland,2003,0.3
Tajikistan,2003,0.1
Tanzania,2003,6.6
Thailand,2003,1.5
Togo,2003,3.5
Trinidad and Tobago,2003,1.3
Tunisia,2003,0.06
Turkey,2003,0.06
Uganda,2003,6.6
Ukraine,2003,1.1
United Kingdom,2003,0.2
United States,2003,0.5
Uruguay,2003,0.5
Uzbekistan,2003,0.06
Vietnam,2003,0.3
Zambia,2003,14.1
Zimbabwe,2003,21.1
Algeria,2004,0.1
Angola,2004,1.9
Argentina,2004,0.4
Armenia,2004,0.1
Australia,2004,0.1
Austria,2004,0.2
Azerbaijan,2004,0.06
Bahamas,2004,3
Bangladesh,2004,0.06
Barbados,2004,0.8
Belarus,2004,0.2
Belgium,2004,0.2
Belize,2004,2.4
Benin,2004,1.3
Bhutan,2004,0.1
Bolivia,2004,0.2
Botswana,2004,25.8
Brazil,2004,0.4
Bulgaria,2004,0.1
Burkina Faso,2004,1.6
Burundi,2004,4.2
Cambodia,2004,0.8
Cameroon,2004,5.4
Canada,2004,0.2
Central African Republic,2004,7.2
Chad,2004,3.4
Chile,2004,0.3
Colombia,2004,0.7
Comoros,2004,0.06
"Congo, Rep.",2004,3.7
Costa Rica,2004,0.3
Cote d'Ivoire,2004,5.3
Croatia,2004,0.06
Cuba,2004,0.1
Czech Republic,2004,0.06
Denmark,2004,0.1
Djibouti,2004,2.7
Dominican Republic,2004,0.9
Ecuador,2004,0.4
Egypt,2004,0.06
El Salvador,2004,0.8
Equatorial Guinea,2004,3.2
Eritrea,2004,1
Estonia,2004,1
Fiji,2004,0.1
Finland,2004,0.1
France,2004,0.4
Gabon,2004,5.4
Gambia,2004,1
Georgia,2004,0.1
Germany,2004,0.1
Ghana,2004,2.1
Greece,2004,0.1
Guatemala,2004,0.6
Guinea,2004,1.5
Guinea-Bissau,2004,2.3
Guyana,2004,1.2
Haiti,2004,2.2
Honduras,2004,1
Hungary,2004,0.06
Iceland,2004,0.2
India,2004,0.39
Indonesia,2004,0.1
Iran,2004,0.2
Ireland,2004,0.2
Israel,2004,0.2
Italy,2004,0.3
Jamaica,2004,1.8
Japan,2004,0.06
Kazakhstan,2004,0.1
Kenya,2004,7.1
South Korea,2004,0.06
Kyrgyz Republic,2004,0.1
Lao,2004,0.1
Latvia,2004,0.5
Lebanon,2004,0.2
Lesotho,2004,23.8
Liberia,2004,2.4
Lithuania,2004,0.06
Luxembourg,2004,0.3
Madagascar,2004,0.2
Malawi,2004,12.5
Malaysia,2004,0.4
Maldives,2004,0.06
Mali,2004,1.3
Malta,2004,0.1
Mauritania,2004,0.7
Mauritius,2004,0.6
Mexico,2004,0.3
Moldova,2004,0.4
Mongolia,2004,0.06
Morocco,2004,0.1
Mozambique,2004,11
Myanmar,2004,0.7
Namibia,2004,16.2
Nepal,2004,0.5
Netherlands,2004,0.2
New Zealand,2004,0.1
Nicaragua,2004,0.2
Niger,2004,0.9
Nigeria,2004,3.7
Norway,2004,0.1
Oman,2004,0.06
Pakistan,2004,0.1
Panama,2004,1.1
Papua New Guinea,2004,0.7
Paraguay,2004,0.3
Peru,2004,0.5
Philippines,2004,0.06
Poland,2004,0.1
Portugal,2004,0.5
Qatar,2004,0.06
Romania,2004,0.1
Russia,2004,0.8
Rwanda,2004,3.2
Senegal,2004,0.7
Serbia,2004,0.1
Sierra Leone,2004,1.4
Singapore,2004,0.1
Slovak Republic,2004,0.06
Slovenia,2004,0.06
Somalia,2004,0.4
South Africa,2004,18.1
Spain,2004,0.4
Sri Lanka,2004,0.06
Sudan,2004,0.6
Suriname,2004,1
Swaziland,2004,25.5
Sweden,2004,0.1
Switzerland,2004,0.3
Tajikistan,2004,0.1
Tanzania,2004,6.4
Thailand,2004,1.5
Togo,2004,3.5
Trinidad and Tobago,2004,1.3
Tunisia,2004,0.06
Turkey,2004,0.06
Uganda,2004,6.4
Ukraine,2004,1.1
United Kingdom,2004,0.2
United States,2004,0.5
Uruguay,2004,0.5
Uzbekistan,2004,0.06
Vietnam,2004,0.4
Zambia,2004,14
Zimbabwe,2004,19.8
Algeria,2005,0.1
Angola,2005,1.9
Argentina,2005,0.4
Armenia,2005,0.1
Australia,2005,0.1
Austria,2005,0.2
Azerbaijan,2005,0.06
Bahamas,2005,3
Bangladesh,2005,0.06
Barbados,2005,0.9
Belarus,2005,0.2
Belgium,2005,0.2
Belize,2005,2.4
Benin,2005,1.3
Bhutan,2005,0.1
Bolivia,2005,0.2
Botswana,2005,25.5
Brazil,2005,0.4
Bulgaria,2005,0.1
Burkina Faso,2005,1.5
Burundi,2005,4
Cambodia,2005,0.8
Cameroon,2005,5.4
Canada,2005,0.2
Central African Republic,2005,6.6
Chad,2005,3.5
Chile,2005,0.3
Colombia,2005,0.7
Comoros,2005,0.06
"Congo, Rep.",2005,3.6
Costa Rica,2005,0.3
Cote d'Ivoire,2005,4.8
Croatia,2005,0.06
Cuba,2005,0.1
Czech Republic,2005,0.06
Denmark,2005,0.1
Djibouti,2005,2.7
Dominican Republic,2005,0.9
Ecuador,2005,0.4
Egypt,2005,0.06
El Salvador,2005,0.8
Equatorial Guinea,2005,3.6
Eritrea,2005,1
Estonia,2005,1.1
Fiji,2005,0.1
Finland,2005,0.1
France,2005,0.4
Gabon,2005,5.4
Gambia,2005,1.1
Georgia,2005,0.1
Germany,2005,0.1
Ghana,2005,2
Greece,2005,0.1
Guatemala,2005,0.7
Guinea,2005,1.5
Guinea-Bissau,2005,2.4
Guyana,2005,1.1
Haiti,2005,2.1
Honduras,2005,0.9
Hungary,2005,0.06
Iceland,2005,0.3
India,2005,0.37
Indonesia,2005,0.1
Iran,2005,0.2
Ireland,2005,0.2
Israel,2005,0.2
Italy,2005,0.3
Jamaica,2005,1.8
Japan,2005,0.06
Kazakhstan,2005,0.1
Kenya,2005,6.8
South Korea,2005,0.06
Kyrgyz Republic,2005,0.1
Lao,2005,0.1
Latvia,2005,0.6
Lebanon,2005,0.1
Lesotho,2005,23.6
Liberia,2005,2.2
Lithuania,2005,0.06
Luxembourg,2005,0.3
Madagascar,2005,0.2
Malawi,2005,12.1
Malaysia,2005,0.5
Maldives,2005,0.06
Mali,2005,1.2
Malta,2005,0.1
Mauritania,2005,0.7
Mauritius,2005,0.7
Mexico,2005,0.3
Moldova,2005,0.4
Mongolia,2005,0.06
Morocco,2005,0.1
Mozambique,2005,11.2
Myanmar,2005,0.7
Namibia,2005,15.7
Nepal,2005,0.4
Netherlands,2005,0.2
New Zealand,2005,0.1
Nicaragua,2005,0.2
Niger,2005,0.9
Nigeria,2005,3.7
Norway,2005,0.1
Oman,2005,0.06
Pakistan,2005,0.1
Panama,2005,1.1
Papua New Guinea,2005,0.8
Paraguay,2005,0.3
Peru,2005,0.4
Philippines,2005,0.06
Poland,2005,0.1
Portugal,2005,0.5
Qatar,2005,0.06
Romania,2005,0.1
Russia,2005,0.9
Rwanda,2005,3.1
Senegal,2005,0.8
Serbia,2005,0.1
Sierra Leone,2005,1.5
Singapore,2005,0.1
Slovak Republic,2005,0.06
Slovenia,2005,0.06
Somalia,2005,0.4
South Africa,2005,18.1
Spain,2005,0.4
Sri Lanka,2005,0.06
Sudan,2005,0.6
Suriname,2005,1.1
Swaziland,2005,25.6
Sweden,2005,0.1
Switzerland,2005,0.3
Tajikistan,2005,0.1
Tanzania,2005,6.2
Thailand,2005,1.5
Togo,2005,3.4
Trinidad and Tobago,2005,1.3
Tunisia,2005,0.06
Turkey,2005,0.06
Uganda,2005,6.4
Ukraine,2005,1.1
United Kingdom,2005,0.2
United States,2005,0.6
Uruguay,2005,0.5
Uzbekistan,2005,0.06
Vietnam,2005,0.4
Zambia,2005,13.9
Zimbabwe,2005,18.4
Algeria,2006,0.1
Angola,2006,1.9
Argentina,2006,0.4
Armenia,2006,0.1
Australia,2006,0.1
Austria,2006,0.2
Azerbaijan,2006,0.06
Bahamas,2006,3
Bangladesh,2006,0.06
Barbados,2006,1.1
Belarus,2006,0.2
Belgium,2006,0.2
Belize,2006,2.4
Benin,2006,1.2
Bhutan,2006,0.1
Bolivia,2006,0.2
Botswana,2006,25.3
Brazil,2006,0.4
Bulgaria,2006,0.1
Burkina Faso,2006,1.4
Burundi,2006,3.8
Cambodia,2006,0.7
Cameroon,2006,5.4
Canada,2006,0.2
Central African Republic,2006,6.1
Chad,2006,3.5
Chile,2006,0.4
Colombia,2006,0.6
Comoros,2006,0.06
"Congo, Rep.",2006,3.6
Costa Rica,2006,0.3
Cote d'Ivoire,2006,4.4
Croatia,2006,0.06
Cuba,2006,0.1
Czech Republic,2006,0.06
Denmark,2006,0.2
Djibouti,2006,2.6
Dominican Republic,2006,0.9
Ecuador,2006,0.4
Egypt,2006,0.06
El Salvador,2006,0.8
Equatorial Guinea,2006,4
Eritrea,2006,0.9
Estonia,2006,1.1
Fiji,2006,0.1
Finland,2006,0.1
France,2006,0.4
Gabon,2006,5.4
Gambia,2006,1.3
Georgia,2006,0.1
Germany,2006,0.1
Ghana,2006,1.9
Greece,2006,0.1
Guatemala,2006,0.7
Guinea,2006,1.4
Guinea-Bissau,2006,2.4
Guyana,2006,1.1
Haiti,2006,2.1
Honduras,2006,0.9
Hungary,2006,0.06
Iceland,2006,0.3
India,2006,0.37
Indonesia,2006,0.1
Iran,2006,0.2
Ireland,2006,0.2
Israel,2006,0.2
Italy,2006,0.3
Jamaica,2006,1.7
Japan,2006,0.06
Kazakhstan,2006,0.1
Kenya,2006,6.6
South Korea,2006,0.06
Kyrgyz Republic,2006,0.1
Lao,2006,0.1
Latvia,2006,0.6
Lebanon,2006,0.1
Lesotho,2006,23.5
Liberia,2006,2
Lithuania,2006,0.06
Luxembourg,2006,0.3
Madagascar,2006,0.2
Malawi,2006,11.8
Malaysia,2006,0.5
Maldives,2006,0.06
Mali,2006,1.1
Malta,2006,0.1
Mauritania,2006,0.7
Mauritius,2006,0.7
Mexico,2006,0.3
Moldova,2006,0.4
Mongolia,2006,0.06
Morocco,2006,0.1
Mozambique,2006,11.3
Myanmar,2006,0.7
Namibia,2006,15
Nepal,2006,0.4
Netherlands,2006,0.2
New Zealand,2006,0.1
Nicaragua,2006,0.2
Niger,2006,0.9
Nigeria,2006,3.6
Norway,2006,0.1
Oman,2006,0.06
Pakistan,2006,0.1
Panama,2006,1
Papua New Guinea,2006,0.8
Paraguay,2006,0.3
Peru,2006,0.4
Philippines,2006,0.06
Poland,2006,0.1
Portugal,2006,0.5
Qatar,2006,0.06
Romania,2006,0.1
Russia,2006,0.9
Rwanda,2006,3
Senegal,2006,0.8
Serbia,2006,0.1
Sierra Leone,2006,1.6
Singapore,2006,0.1
Slovak Republic,2006,0.06
Slovenia,2006,0.06
Somalia,2006,0.5
South Africa,2006,18.1
Spain,2006,0.4
Sri Lanka,2006,0.06
Sudan,2006,0.7
Suriname,2006,1
Swaziland,2006,25.7
Sweden,2006,0.1
Switzerland,2006,0.4
Tajikistan,2006,0.2
Tanzania,2006,6
Thailand,2006,1.4
Togo,2006,3.3
Trinidad and Tobago,2006,1.4
Tunisia,2006,0.06
Turkey,2006,0.06
Uganda,2006,6.3
Ukraine,2006,1.1
United Kingdom,2006,0.2
United States,2006,0.6
Uruguay,2006,0.5
Uzbekistan,2006,0.1
Vietnam,2006,0.4
Zambia,2006,13.8
Zimbabwe,2006,17.2
Algeria,2007,0.1
Angola,2007,1.9
Argentina,2007,0.4
Armenia,2007,0.1
Australia,2007,0.1
Austria,2007,0.3
Azerbaijan,2007,0.1
Bahamas,2007,3.1
Bangladesh,2007,0.06
Barbados,2007,1.2
Belarus,2007,0.2
Belgium,2007,0.2
Belize,2007,2.4
Benin,2007,1.2
Bhutan,2007,0.1
Bolivia,2007,0.2
Botswana,2007,25.1
Brazil,2007,0.4
Bulgaria,2007,0.1
Burkina Faso,2007,1.3
Burundi,2007,3.6
Cambodia,2007,0.6
Cameroon,2007,5.4
Canada,2007,0.2
Central African Republic,2007,5.5
Chad,2007,3.5
Chile,2007,0.4
Colombia,2007,0.6
Comoros,2007,0.06
"Congo, Rep.",2007,3.5
Costa Rica,2007,0.3
Cote d'Ivoire,2007,4.1
Croatia,2007,0.06
Cuba,2007,0.1
Czech Republic,2007,0.06
Denmark,2007,0.2
Djibouti,2007,2.6
Dominican Republic,2007,0.8
Ecuador,2007,0.4
Egypt,2007,0.06
El Salvador,2007,0.8
Equatorial Guinea,2007,4.4
Eritrea,2007,0.9
Estonia,2007,1.2
Fiji,2007,0.1
Finland,2007,0.1
France,2007,0.4
Gabon,2007,5.3
Gambia,2007,1.5
Georgia,2007,0.1
Germany,2007,0.1
Ghana,2007,1.9
Greece,2007,0.1
Guatemala,2007,0.7
Guinea,2007,1.4
Guinea-Bissau,2007,2.5
Guyana,2007,1
Haiti,2007,2
Honduras,2007,0.8
Hungary,2007,0.06
Iceland,2007,0.3
India,2007,0.34
Indonesia,2007,0.1
Iran,2007,0.2
Ireland,2007,0.2
Israel,2007,0.2
Italy,2007,0.3
Jamaica,2007,1.7
Japan,2007,0.06
Kazakhstan,2007,0.1
Kenya,2007,6.4
South Korea,2007,0.06
Kyrgyz Republic,2007,0.2
Lao,2007,0.2
Latvia,2007,0.6
Lebanon,2007,0.1
Lesotho,2007,23.5
Liberia,2007,1.8
Lithuania,2007,0.1
Luxembourg,2007,0.3
Madagascar,2007,0.2
Malawi,2007,11.4
Malaysia,2007,0.5
Maldives,2007,0.06
Mali,2007,1.1
Malta,2007,0.1
Mauritania,2007,0.7
Mauritius,2007,0.8
Mexico,2007,0.3
Moldova,2007,0.4
Mongolia,2007,0.06
Morocco,2007,0.1
Mozambique,2007,11.4
Myanmar,2007,0.6
Namibia,2007,14.3
Nepal,2007,0.4
Netherlands,2007,0.2
New Zealand,2007,0.1
Nicaragua,2007,0.2
Niger,2007,0.8
Nigeria,2007,3.6
Norway,2007,0.1
Oman,2007,0.1
Pakistan,2007,0.1
Panama,2007,0.9
Papua New Guinea,2007,0.9
Paraguay,2007,0.3
Peru,2007,0.4
Philippines,2007,0.06
Poland,2007,0.1
Portugal,2007,0.5
Qatar,2007,0.06
Romania,2007,0.1
Russia,2007,0.9
Rwanda,2007,2.9
Senegal,2007,0.8
Serbia,2007,0.1
Sierra Leone,2007,1.6
Singapore,2007,0.1
Slovak Republic,2007,0.06
Slovenia,2007,0.06
Somalia,2007,0.6
South Africa,2007,18
Spain,2007,0.4
Sri Lanka,2007,0.06
Sudan,2007,0.8
Suriname,2007,1
Swaziland,2007,25.8
Sweden,2007,0.1
Switzerland,2007,0.4
Tajikistan,2007,0.2
Tanzania,2007,5.9
Thailand,2007,1.4
Togo,2007,3.3
Trinidad and Tobago,2007,1.4
Tunisia,2007,0.06
Turkey,2007,0.06
Uganda,2007,6.3
Ukraine,2007,1.1
United Kingdom,2007,0.2
United States,2007,0.6
Uruguay,2007,0.5
Uzbekistan,2007,0.1
Vietnam,2007,0.4
Zambia,2007,13.7
Zimbabwe,2007,16.1
Algeria,2008,0.1
Angola,2008,2
Argentina,2008,0.5
Armenia,2008,0.1
Australia,2008,0.1
Austria,2008,0.3
Azerbaijan,2008,0.1
Bahamas,2008,3.1
Bangladesh,2008,0.06
Barbados,2008,1.3
Belarus,2008,0.2
Belgium,2008,0.2
Belize,2008,2.4
Benin,2008,1.2
Bhutan,2008,0.2
Bolivia,2008,0.2
Botswana,2008,24.9
Brazil,2008,0.45
Bulgaria,2008,0.1
Burkina Faso,2008,1.2
Burundi,2008,3.5
Cambodia,2008,0.6
Cameroon,2008,5.3
Canada,2008,0.2
Central African Republic,2008,5.1
Chad,2008,3.4
Chile,2008,0.4
Colombia,2008,0.5
Comoros,2008,0.06
"Congo, Rep.",2008,3.5
Costa Rica,2008,0.3
Cote d'Ivoire,2008,3.7
Croatia,2008,0.06
Cuba,2008,0.1
Czech Republic,2008,0.06
Denmark,2008,0.2
Djibouti,2008,2.6
Dominican Republic,2008,0.9
Ecuador,2008,0.4
Egypt,2008,0.06
El Salvador,2008,0.8
Equatorial Guinea,2008,4.7
Eritrea,2008,0.8
Estonia,2008,1.2
Fiji,2008,0.1
Finland,2008,0.1
France,2008,0.4
Gabon,2008,5.3
Gambia,2008,1.7
Georgia,2008,0.1
Germany,2008,0.1
Ghana,2008,1.8
Greece,2008,0.1
Guatemala,2008,0.8
Guinea,2008,1.4
Guinea-Bissau,2008,2.5
Guyana,2008,1.2
Haiti,2008,2
Honduras,2008,0.8
Hungary,2008,0.06
Iceland,2008,0.3
India,2008,0.32
Indonesia,2008,0.2
Iran,2008,0.2
Ireland,2008,0.2
Israel,2008,0.2
Italy,2008,0.3
Jamaica,2008,1.7
Japan,2008,0.06
Kazakhstan,2008,0.1
Kenya,2008,6.3
South Korea,2008,0.06
Kyrgyz Republic,2008,0.2
Lao,2008,0.2
Latvia,2008,0.6
Lebanon,2008,0.1
Lesotho,2008,23.6
Liberia,2008,1.6
Lithuania,2008,0.1
Luxembourg,2008,0.3
Madagascar,2008,0.2
Malawi,2008,11.2
Malaysia,2008,0.5
Maldives,2008,0.06
Mali,2008,1
Malta,2008,0.1
Mauritania,2008,0.7
Mauritius,2008,0.9
Mexico,2008,0.3
Moldova,2008,0.4
Mongolia,2008,0.06
Morocco,2008,0.1
Mozambique,2008,11.4
Myanmar,2008,0.6
Namibia,2008,13.7
Nepal,2008,0.4
Netherlands,2008,0.2
New Zealand,2008,0.1
Nicaragua,2008,0.2
Niger,2008,0.8
Nigeria,2008,3.6
Norway,2008,0.1
Oman,2008,0.1
Pakistan,2008,0.1
Panama,2008,0.9
Papua New Guinea,2008,0.9
Paraguay,2008,0.3
Peru,2008,0.4
Philippines,2008,0.06
Poland,2008,0.1
Portugal,2008,0.5
Qatar,2008,0.06
Romania,2008,0.1
Russia,2008,1
Rwanda,2008,2.9
Senegal,2008,0.8
Serbia,2008,0.1
Sierra Leone,2008,1.6
Singapore,2008,0.1
Slovak Republic,2008,0.06
Slovenia,2008,0.06
Somalia,2008,0.6
South Africa,2008,17.9
Spain,2008,0.4
Sri Lanka,2008,0.06
Sudan,2008,1
Suriname,2008,1
Swaziland,2008,25.9
Sweden,2008,0.1
Switzerland,2008,0.4
Tajikistan,2008,0.2
Tanzania,2008,5.8
Thailand,2008,1.3
Togo,2008,3.2
Trinidad and Tobago,2008,1.5
Tunisia,2008,0.06
Turkey,2008,0.06
Uganda,2008,6.4
Ukraine,2008,1.1
United Kingdom,2008,0.2
United States,2008,0.6
Uruguay,2008,0.5
Uzbekistan,2008,0.1
Vietnam,2008,0.4
Zambia,2008,13.6
Zimbabwe,2008,15.1
Afghanistan,2009,0.06
Angola,2009,2.1
Argentina,2009,0.4
Armenia,2009,0.2
Australia,2009,0.2
Austria,2009,0.3
Azerbaijan,2009,0.1
Bahamas,2009,2.9
Bangladesh,2009,0.06
Barbados,2009,0.9
Belarus,2009,0.3
Belgium,2009,0.3
Belize,2009,2.4
Benin,2009,1.2
Bhutan,2009,0.2
Bolivia,2009,0.3
Botswana,2009,24.1
Brazil,2009,0.3
Bulgaria,2009,0.1
Burkina Faso,2009,1.2
Burundi,2009,1.6
Cambodia,2009,0.6
Cameroon,2009,4.8
Canada,2009,0.3
Cape Verde,2009,1
Central African Republic,2009,5.1
Chad,2009,3.2
Chile,2009,0.5
Colombia,2009,0.5
Comoros,2009,0.1
"Congo, Rep.",2009,3.3
Costa Rica,2009,0.3
Cote d'Ivoire,2009,3.4
Croatia,2009,0.06
Cuba,2009,0.1
Czech Republic,2009,0.06
Denmark,2009,0.2
Djibouti,2009,1.6
Dominican Republic,2009,0.8
Ecuador,2009,0.4
Egypt,2009,0.06
El Salvador,2009,0.6
Equatorial Guinea,2009,4.2
Eritrea,2009,0.7
Estonia,2009,1.2
Ethiopia,2009,1.7
Fiji,2009,0.06
Finland,2009,0.1
France,2009,0.4
Gabon,2009,5.2
Gambia,2009,1.4
Georgia,2009,0.2
Germany,2009,0.1
Ghana,2009,1.6
Greece,2009,0.2
Guatemala,2009,0.7
Guinea,2009,1.4
Guinea-Bissau,2009,2.3
Guyana,2009,1.2
Haiti,2009,1.9
Hungary,2009,0.1
Iceland,2009,0.3
India,2009,0.31
Indonesia,2009,0.2
Iran,2009,0.2
Ireland,2009,0.3
Israel,2009,0.2
Italy,2009,0.4
Jamaica,2009,1.8
Japan,2009,0.06
Kazakhstan,2009,0.2
Kenya,2009,6.2
South Korea,2009,0.06
Kyrgyz Republic,2009,0.2
Lao,2009,0.2
Latvia,2009,0.7
Lebanon,2009,0.1
Lesotho,2009,23
Liberia,2009,1.3
Lithuania,2009,0.1
Luxembourg,2009,0.3
Madagascar,2009,0.3
Malawi,2009,10.9
Malaysia,2009,0.4
Maldives,2009,0.06
Mali,2009,1.2
Malta,2009,0.1
Mauritania,2009,1
Mauritius,2009,1
Mexico,2009,0.2
Moldova,2009,0.5
Mongolia,2009,0.06
Morocco,2009,0.1
Mozambique,2009,11.3
Myanmar,2009,0.7
Namibia,2009,13.7
Nepal,2009,0.4
Netherlands,2009,0.2
New Zealand,2009,0.1
Nicaragua,2009,0.2
Niger,2009,0.8
Nigeria,2009,3.6
Norway,2009,0.1
Pakistan,2009,0.1
Panama,2009,0.8
Papua New Guinea,2009,0.7
Paraguay,2009,0.3
Peru,2009,0.4
Philippines,2009,0.06
Poland,2009,0.1
Portugal,2009,0.7
Romania,2009,0.1
Rwanda,2009,3
Sao Tome and Principe,2009,1
Senegal,2009,0.7
Serbia,2009,0.1
Sierra Leone,2009,1.6
Singapore,2009,0.1
Slovak Republic,2009,0.06
Slovenia,2009,0.06
Somalia,2009,0.7
South Africa,2009,17.2
Spain,2009,0.4
Sri Lanka,2009,0.06
Sudan,2009,0.4
Suriname,2009,1.2
Swaziland,2009,25.8
Sweden,2009,0.2
Switzerland,2009,0.4
Tajikistan,2009,0.2
Tanzania,2009,5.8
Thailand,2009,1.3
Togo,2009,3.6
Trinidad and Tobago,2009,1.5
Tunisia,2009,0.06
Turkey,2009,0.06
Uganda,2009,6.9
Ukraine,2009,0.9
United Kingdom,2009,0.3
United States,2009,0.6
Uruguay,2009,0.6
Venezuela,2009,0.5
Vietnam,2009,0.4
Yemen,2009,0.2
Zambia,2009,12.9
Zimbabwe,2009,15.7
Afghanistan,2010,0.06
Angola,2010,2.1
Argentina,2010,0.4
Armenia,2010,0.2
Australia,2010,0.2
Austria,2010,0.4
Azerbaijan,2010,0.1
Bahamas,2010,2.8
Bangladesh,2010,0.06
Barbados,2010,0.9
Belarus,2010,0.4
Belgium,2010,0.3
Belize,2010,2.4
Benin,2010,1.2
Bhutan,2010,0.3
Bolivia,2010,0.3
Botswana,2010,23.7
Brazil,2010,0.3
Bulgaria,2010,0.1
Burkina Faso,2010,1.2
Burundi,2010,1.4
Cambodia,2010,0.6
Cameroon,2010,4.7
Canada,2010,0.3
Cape Verde,2010,1
Central African Republic,2010,4.9
Chad,2010,3.2
Chile,2010,0.5
Colombia,2010,0.5
Comoros,2010,0.1
"Congo, Rep.",2010,3.3
Costa Rica,2010,0.3
Cote d'Ivoire,2010,3.2
Croatia,2010,0.06
Cuba,2010,0.2
Czech Republic,2010,0.06
Denmark,2010,0.2
Djibouti,2010,1.5
Dominican Republic,2010,0.7
Ecuador,2010,0.4
Egypt,2010,0.06
El Salvador,2010,0.6
Equatorial Guinea,2010,4.4
Eritrea,2010,0.7
Estonia,2010,1.3
Ethiopia,2010,1.6
Fiji,2010,0.06
Finland,2010,0.1
France,2010,0.4
Gabon,2010,5.1
Gambia,2010,1.4
Georgia,2010,0.2
Germany,2010,0.1
Ghana,2010,1.5
Greece,2010,0.2
Guatemala,2010,0.7
Guinea,2010,1.4
Guinea-Bissau,2010,2.4
Guyana,2010,1.1
Haiti,2010,1.9
Hungary,2010,0.1
Iceland,2010,0.3
Indonesia,2010,0.2
Iran,2010,0.2
Ireland,2010,0.3
Israel,2010,0.2
Italy,2010,0.4
Jamaica,2010,1.8
Japan,2010,0.06
Kazakhstan,2010,0.2
Kenya,2010,6.2
South Korea,2010,0.06
Kyrgyz Republic,2010,0.3
Lao,2010,0.3
Latvia,2010,0.7
Lebanon,2010,0.1
Lesotho,2010,23.2
Liberia,2010,1.1
Lithuania,2010,0.1
Luxembourg,2010,0.3
Madagascar,2010,0.3
Malawi,2010,10.4
Malaysia,2010,0.4
Maldives,2010,0.06
Mali,2010,1.1
Malta,2010,0.1
Mauritania,2010,1.1
Mauritius,2010,1
Mexico,2010,0.2
Moldova,2010,0.5
Mongolia,2010,0.06
Morocco,2010,0.1
Mozambique,2010,11.3
Myanmar,2010,0.7
Namibia,2010,13.6
Nepal,2010,0.3
Netherlands,2010,0.2
New Zealand,2010,0.1
Nicaragua,2010,0.2
Niger,2010,0.8
Nigeria,2010,3.7
Norway,2010,0.1
Pakistan,2010,0.1
Panama,2010,0.8
Papua New Guinea,2010,0.7
Paraguay,2010,0.3
Peru,2010,0.4
Philippines,2010,0.06
Poland,2010,0.1
Portugal,2010,0.7
Romania,2010,0.1
Rwanda,2010,3
Sao Tome and Principe,2010,1
Senegal,2010,0.7
Serbia,2010,0.1
Sierra Leone,2010,1.6
Singapore,2010,0.1
Slovak Republic,2010,0.06
Slovenia,2010,0.1
Somalia,2010,0.7
South Africa,2010,17.3
Spain,2010,0.4
Sri Lanka,2010,0.06
Sudan,2010,0.4
Suriname,2010,1.1
Swaziland,2010,25.9
Sweden,2010,0.2
Switzerland,2010,0.4
Tajikistan,2010,0.2
Tanzania,2010,5.8
Thailand,2010,1.2
Togo,2010,3.5
Trinidad and Tobago,2010,1.5
Tunisia,2010,0.06
Turkey,2010,0.06
Uganda,2010,7
Ukraine,2010,0.8
United Kingdom,2010,0.3
United States,2010,0.6
Uruguay,2010,0.6
Venezuela,2010,0.5
Vietnam,2010,0.5
Yemen,2010,0.2
Zambia,2010,12.7
Zimbabwe,2010,15.2
Afghanistan,2011,0.06
Angola,2011,2.1
Argentina,2011,0.4
Armenia,2011,0.2
Australia,2011,0.2
Austria,2011,0.4
Azerbaijan,2011,0.1
Bahamas,2011,2.8
Bangladesh,2011,0.06
Barbados,2011,0.9
Belarus,2011,0.4
Belgium,2011,0.3
Belize,2011,2.3
Benin,2011,1.2
Bhutan,2011,0.3
Bolivia,2011,0.3
Botswana,2011,23.4
Brazil,2011,0.3
Bulgaria,2011,0.1
Burkina Faso,2011,1.1
Burundi,2011,1.3
Cambodia,2011,0.6
Cameroon,2011,4.6
Canada,2011,0.3
Cape Verde,2011,1
Central African Republic,2011,4.6
Chad,2011,3.1
Chile,2011,0.5
China,2011,0.06
Colombia,2011,0.5
Comoros,2011,0.1
"Congo, Rep.",2011,3.3
Costa Rica,2011,0.3
Cote d'Ivoire,2011,3
Croatia,2011,0.06
Cuba,2011,0.2
Czech Republic,2011,0.06
Denmark,2011,0.2
Djibouti,2011,1.4
Dominican Republic,2011,0.7
Ecuador,2011,0.4
Egypt,2011,0.06
El Salvador,2011,0.6
Equatorial Guinea,2011,4.7
Eritrea,2011,0.6
Estonia,2011,1.3
Ethiopia,2011,1.4
Fiji,2011,0.1
Finland,2011,0.1
France,2011,0.4
Gabon,2011,5
Gambia,2011,1.5
Georgia,2011,0.2
Germany,2011,0.1
Ghana,2011,1.5
Greece,2011,0.2
Guatemala,2011,0.8
Guinea,2011,1.4
Guinea-Bissau,2011,2.5
Guyana,2011,1.1
Haiti,2011,1.8
Hungary,2011,0.1
Iceland,2011,0.3
Indonesia,2011,0.3
Iran,2011,0.2
Ireland,2011,0.3
Israel,2011,0.2
Italy,2011,0.4
Jamaica,2011,1.8
Japan,2011,0.06
Kazakhstan,2011,0.2
Kenya,2011,6.2
South Korea,2011,0.06
Kyrgyz Republic,2011,0.4
Lao,2011,0.3
Latvia,2011,0.7
Lebanon,2011,0.1
Lesotho,2011,23.3
Liberia,2011,1
Lithuania,2011,0.1
Luxembourg,2011,0.3
Madagascar,2011,0.3
Malawi,2011,10
Malaysia,2011,0.4
Maldives,2011,0.06
Mali,2011,1.1
Malta,2011,0.1
Mauritania,2011,1.1
Mauritius,2011,1
Mexico,2011,0.2
Moldova,2011,0.5
Mongolia,2011,0.06
Morocco,2011,0.2
Mozambique,2011,11.3
Myanmar,2011,0.6
Namibia,2011,13.4
Nepal,2011,0.3
Netherlands,2011,0.2
New Zealand,2011,0.1
Nicaragua,2011,0.2
Niger,2011,0.8
Nigeria,2011,3.7
Norway,2011,0.1
Pakistan,2011,0.1
Panama,2011,0.8
Papua New Guinea,2011,0.7
Paraguay,2011,0.3
Peru,2011,0.4
Philippines,2011,0.06
Poland,2011,0.1
Portugal,2011,0.7
Romania,2011,0.1
Rwanda,2011,2.9
Sao Tome and Principe,2011,1
Senegal,2011,0.7
Serbia,2011,0.1
Sierra Leone,2011,1.6
Singapore,2011,0.1
Slovak Republic,2011,0.06
Slovenia,2011,0.1
Somalia,2011,0.7
South Africa,2011,17.3
Spain,2011,0.4
Sri Lanka,2011,0.06
Sudan,2011,0.4
Suriname,2011,1
Swaziland,2011,26
Sweden,2011,0.2
Switzerland,2011,0.4
Tajikistan,2011,0.3
Tanzania,2011,5.8
Thailand,2011,1.2
Togo,2011,3.4
Trinidad and Tobago,2011,1.5
Tunisia,2011,0.06
Turkey,2011,0.06
Uganda,2011,7.2
Ukraine,2011,0.8
United Kingdom,2011,0.3
United States,2011,0.6
Uruguay,2011,0.6
Venezuela,2011,0.5
Vietnam,2011,0.5
Yemen,2011,0.2
Zambia,2011,12.5
Zimbabwe,2011,14.9
South Sudan,2011,3.1
